Class name	Order name	Family name	Genus name	Tax name
Aves	Trogoniformes	Trogonidae	Trogon	Trogon viridis viridis
Aves	Trogoniformes	Trogonidae	Harpactes	Harpactes ardens ardens
Aves	Trogoniformes	Trogonidae	Harpactes	Harpactes ardens herberti
Aves	Trogoniformes	Trogonidae	Trogon	Trogon melanocephalus
Aves	Trogoniformes	Trogonidae	Trogon	Trogon citreolus
Aves	Trogoniformes	Trogonidae	Apalharpactes	Apalharpactes
Aves	Trogoniformes	Trogonidae	Pharomachrus	Pharomachrus mocinno
Aves	Trogoniformes	Trogonidae	Pharomachrus	Pharomachrus mocinno mocinno
Aves	Trogoniformes	Trogonidae	Pharomachrus	Pharomachrus mocinno costaricensis
Aves	Trogoniformes	Trogonidae	Trogon	Trogon aurantiiventris
Aves	Trogoniformes	Trogonidae	Trogon	Trogon massena
Aves	Trogoniformes	Trogonidae	Trogon	Trogon surrucura
Aves	Trogoniformes	Trogonidae	Harpactes	Harpactes duvaucelii
Aves	Trogoniformes	Trogonidae	Harpactes	Harpactes orrhophaeus
Aves	Trogoniformes	Trogonidae	Harpactes	Harpactes erythrocephalus
Aves	Trogoniformes	Trogonidae	Priotelus	Priotelus roseigaster
Aves	Trogoniformes	Trogonidae	Trogon	Trogon chionurus
Aves	Trogoniformes	Trogonidae	Trogon	Trogon bairdii
Aves	Trogoniformes	Trogonidae	Trogon	Trogon clathratus
Aves	Trogoniformes	Trogonidae	Apaloderma	Apaloderma aequatoriale
Aves	Trogoniformes	Trogonidae	Pharomachrus	Pharomachrus fulgidus
Aves	Trogoniformes			Trogoniformes
Aves	Trogoniformes	Trogonidae		Trogonidae
Aves	Trogoniformes	Trogonidae	Trogon	Trogon
Aves	Trogoniformes	Trogonidae	Trogon	Trogon melanurus
Aves	Trogoniformes	Trogonidae	Apaloderma	Apaloderma
Aves	Trogoniformes	Trogonidae	Apaloderma	Apaloderma vittatum
Aves	Trogoniformes	Trogonidae	Euptilotis	Euptilotis
Aves	Trogoniformes	Trogonidae	Euptilotis	Euptilotis neoxenus
Aves	Trogoniformes	Trogonidae	Harpactes	Harpactes
Aves	Trogoniformes	Trogonidae	Harpactes	Harpactes oreskios
Aves	Trogoniformes	Trogonidae	Pharomachrus	Pharomachrus
Aves	Trogoniformes	Trogonidae	Pharomachrus	Pharomachrus antisianus
Aves	Trogoniformes	Trogonidae	Priotelus	Priotelus
Aves	Trogoniformes	Trogonidae	Priotelus	Priotelus temnurus
Aves	Trogoniformes	Trogonidae	Trogon	Trogon personatus
Aves	Trogoniformes	Trogonidae	Apaloderma	Apaloderma narina
Aves	Trogoniformes	Trogonidae	Harpactes	Harpactes ardens
Aves	Trogoniformes	Trogonidae	Harpactes	Harpactes diardii
Aves	Trogoniformes	Trogonidae	Pharomachrus	Pharomachrus auriceps
Aves	Trogoniformes	Trogonidae	Pharomachrus	Pharomachrus pavoninus
Aves	Trogoniformes	Trogonidae	Trogon	Trogon collaris
Aves	Trogoniformes	Trogonidae	Trogon	Trogon comptus
Aves	Trogoniformes	Trogonidae	Trogon	Trogon curucui
Aves	Trogoniformes	Trogonidae	Trogon	Trogon elegans
Aves	Trogoniformes	Trogonidae	Trogon	Trogon mexicanus
Aves	Trogoniformes	Trogonidae	Trogon	Trogon rufus
Aves	Trogoniformes	Trogonidae	Trogon	Trogon violaceus
Aves	Trogoniformes	Trogonidae	Trogon	Trogon viridis
Aves	Trogoniformes	Trogonidae	Apalharpactes	Apalharpactes mackloti
Aves	Trogoniformes	Trogonidae	Harpactes	Harpactes fasciatus
Aves	Trogoniformes	Trogonidae	Harpactes	Harpactes kasumba
Aves	Trogoniformes	Trogonidae	Harpactes	Harpactes wardi
Aves	Trogoniformes	Trogonidae	Harpactes	Harpactes whiteheadi